CREATE TABLE IF NOT EXISTS movies (
    id INT GENERATED BY DEFAULT AS IDENTITY PRIMARY KEY,
    title character varying,
    description text,
    year integer,
    release_date date,
    runtime integer,
    rating integer,
    mpaa_rating character varying,
    created_at timestamp without time zone,
    updated_at timestamp without time zone
);

CREATE TABLE IF NOT EXISTS genres (
    id INT GENERATED BY DEFAULT AS IDENTITY PRIMARY KEY,
    genre_name character varying,
    created_at timestamp without time zone,
    updated_at timestamp without time zone
);

CREATE TABLE IF NOT EXISTS movies_genres (
    id INT GENERATED BY DEFAULT AS IDENTITY PRIMARY KEY,
    movie_id INTEGER REFERENCES movies(id),
    genre_id INTEGER REFERENCES genres(id),
    created_at timestamp without time zone,
    updated_at timestamp without time zone
);

CREATE TABLE IF NOT EXISTS users (
    id INT GENERATED BY DEFAULT AS IDENTITY PRIMARY KEY,
    first_name character varying,
    last_name character varying,
    password character varying,
    created_at timestamp without time zone
);

-- -------------------------------------
INSERT INTO movies VALUES (1, 'The Shawshank Redemption', 'Two imprisoned men bond over a number of years', 1994, '1994-10-14', 145, 5, 'R', '2021-05-17 00:00:00',	'2021-05-17 00:00:00');

INSERT INTO movies VALUES (2, 'The Godfather', 'The aging patriarch of an organized crime dynasty transfers control to his son', 1972, '1972-03-24', 175, 5, 'R', '2021-05-17 00:00:00', '2021-05-17 00:00:00');

INSERT INTO movies VALUES (3, 'The Dark Knight', 'The menace known as the Joker wreaks havoc on Gotham City', 2008,	'2008-07-18', 152, 5, 'PG13', '2021-05-17 00:00:00', '2021-05-17 00:00:00');

INSERT INTO movies VALUES (4, 'American Psycho', 'A wealthy New York investment banking executive hides his alternate psychopathic ego', 2000, '2000-04-14', 102, 4, 'R', '2021-05-17 00:00:00', '2021-05-17 00:00:00');

-- -----------------------------------------------

INSERT INTO genres VALUES(1, 'Drama', '2021-05-17 00:00:00', '2021-05-17 00:00:00');
INSERT INTO genres VALUES(2, 'Crime', '2021-05-17 00:00:00', '2021-05-17 00:00:00');
INSERT INTO genres VALUES(3, 'Action', '2021-05-17 00:00:00', '2021-05-17 00:00:00');
INSERT INTO genres VALUES(4, 'Comic Book', '2021-05-17 00:00:00', '2021-05-17 00:00:00');
INSERT INTO genres VALUES(5, 'Sci-Fi', '2021-05-17 00:00:00', '2021-05-17 00:00:00');
INSERT INTO genres VALUES(6, 'Mystery', '2021-05-17 00:00:00', '2021-05-17 00:00:00');
INSERT INTO genres VALUES(7, 'Adventure', '2021-05-17 00:00:00', '2021-05-17 00:00:00');
INSERT INTO genres VALUES(8, 'Comedy', '2021-05-17 00:00:00', '2021-05-17 00:00:00');
INSERT INTO genres VALUES(9, 'Romance', '2021-05-17 00:00:00', '2021-05-17 00:00:00');

-- ---------------------------------------

INSERT INTO movies_genres VALUES(1, 1, 1, '2021-05-17 00:00:00', '2021-05-17 00:00:00');
INSERT INTO movies_genres VALUES(2, 1, 2, '2021-05-17 00:00:00', '2021-05-17 00:00:00');
INSERT INTO movies_genres VALUES(3, 2, 3, '2021-05-17 00:00:00', '2021-05-17 00:00:00');
INSERT INTO movies_genres VALUES(4, 2, 4, '2021-05-17 00:00:00', '2021-05-17 00:00:00');
INSERT INTO movies_genres VALUES(5, 3, 5, '2021-05-17 00:00:00', '2021-05-17 00:00:00');
INSERT INTO movies_genres VALUES(6, 3, 6, '2021-05-17 00:00:00', '2021-05-17 00:00:00');
INSERT INTO movies_genres VALUES(7, 4, 7, '2021-05-17 00:00:00', '2021-05-17 00:00:00');
INSERT INTO movies_genres VALUES(8, 4, 8, '2021-05-17 00:00:00', '2021-05-17 00:00:00');
INSERT INTO movies_genres VALUES(9, 1, 9, '2021-05-17 00:00:00', '2021-05-17 00:00:00');
INSERT INTO movies_genres VALUES(10, 2, 6, '2021-05-17 00:00:00', '2021-05-17 00:00:00');

-------------------------------------

INSERT INTO users VALUES(1, 'Admin', 'user', '5baa61e4c9b93f3f0682250b6cf8331b7ee68fd8', '2026-04-25 00:00:00');
